{
	"textures": {
		"0": "tcc:entity/enchanter",
		"particle": "tcc:entity/enchanter"
	},
	"elements": [
		{
			"name": "face",
			"from": [4, 18, 4],
			"to": [12, 28, 12],
			"rotation": {"angle": 0, "axis": "y", "origin": [12, 26, 12]},
			"faces": {
				"north": {"uv": [2, 2, 4, 4.5], "texture": "#0", "tintindex": 0},
				"east": {"uv": [0, 2, 2, 4.5], "texture": "#0", "tintindex": 0},
				"south": {"uv": [6, 2, 8, 4.5], "texture": "#0", "tintindex": 0},
				"west": {"uv": [4, 2, 6, 4.5], "texture": "#0", "tintindex": 0},
				"up": {"uv": [2, 0, 4, 2], "texture": "#0", "tintindex": 0},
				"down": {"uv": [4, 0, 6, 2], "texture": "#0", "tintindex": 0}
			}
		},
		{
			"name": "nose",
			"from": [7, 17, 2],
			"to": [9, 21, 4],
			"rotation": {"angle": 0, "axis": "y", "origin": [15, 25, 11]},
			"faces": {
				"north": {"uv": [6.5, 0.5, 7, 1.5], "texture": "#0", "tintindex": 0},
				"east": {"uv": [6, 0.5, 6.5, 1.5], "texture": "#0", "tintindex": 0},
				"south": {"uv": [7.5, 0.5, 8, 1.5], "texture": "#0", "tintindex": 0},
				"west": {"uv": [7, 0.5, 7.5, 1.5], "texture": "#0", "tintindex": 0},
				"up": {"uv": [7, 0, 7.5, 0.5], "texture": "#0", "tintindex": 0},
				"down": {"uv": [6.5, 0, 7, 0.5], "texture": "#0", "tintindex": 0}
			}
		},
		{
			"name": "right",
			"from": [4, 21, 3.75],
			"to": [7, 24, 3.75],
			"rotation": {"angle": 0, "axis": "y", "origin": [13, 29, 11.75]},
			"faces": {
				"north": {"uv": [1.25, 1.25, 2, 2], "texture": "#0", "tintindex": 0},
				"east": {"uv": [0, 0, 0, 0], "texture": "#0", "tintindex": 0},
				"south": {"uv": [2, 1.25, 1.25, 2], "texture": "#0", "tintindex": 0},
				"west": {"uv": [0, 0, 0, 0], "texture": "#0", "tintindex": 0},
				"up": {"uv": [0, 0, 0, 0], "texture": "#0", "tintindex": 0},
				"down": {"uv": [0, 0, 0, 0], "texture": "#0", "tintindex": 0}
			}
		},
		{
			"name": "left",
			"from": [9, 21, 3.75],
			"to": [12, 24, 3.75],
			"rotation": {"angle": 0, "axis": "y", "origin": [17, 29, 11.75]},
			"faces": {
				"north": {"uv": [2, 1.25, 1.25, 2], "texture": "#0", "tintindex": 0},
				"east": {"uv": [0, 0, 0, 0], "texture": "#0", "tintindex": 0},
				"south": {"uv": [1.25, 1.25, 2, 2], "texture": "#0", "tintindex": 0},
				"west": {"uv": [0, 0, 0, 0], "texture": "#0", "tintindex": 0},
				"up": {"uv": [0, 0, 0, 0], "texture": "#0", "tintindex": 0},
				"down": {"uv": [0, 0, 0, 0], "texture": "#0", "tintindex": 0}
			}
		},
		{
			"name": "turban",
			"from": [3, 24, 3],
			"to": [13, 32, 13],
			"rotation": {"angle": 0, "axis": "y", "origin": [11, 32, 11]},
			"faces": {
				"north": {"uv": [13, 2, 15.5, 4], "texture": "#0", "tintindex": 0},
				"east": {"uv": [8, 0, 10.5, 2], "texture": "#0", "tintindex": 0},
				"south": {"uv": [13, 0, 15.5, 2], "texture": "#0", "tintindex": 0},
				"west": {"uv": [10.5, 0, 13, 2], "texture": "#0", "tintindex": 0},
				"up": {"uv": [10.5, 2, 13, 4.5], "texture": "#0", "tintindex": 0},
				"down": {"uv": [8, 2, 10.5, 4.5], "texture": "#0", "tintindex": 0}
			}
		}
	],
	"display": {
		"firstperson_righthand": {
			"rotation": [-16, -180, 0],
			"translation": [-0.5, 2.75, 1],
			"scale": [0.3, 0.3, 0.3]
		},
		"firstperson_lefthand": {
			"rotation": [-16, -180, 0],
			"translation": [-0.5, 2.75, 1],
			"scale": [0.3, 0.3, 0.3]
		},
		"ground": {
			"translation": [0, 11.25, 0]
		},
		"gui": {
			"rotation": [-30, -180, 21],
			"translation": [-1.25, -1.75, 0],
			"scale": [0.4, 0.4, 0.4]
		},
		"head": {
			"translation": [0, -22.4, 0],
			"scale": [1.6, 1.6, 1.6]
		},
		"fixed": {
			"translation": [4, 0, 17.25],
			"scale": [4, 4, 4]
		}
	}
}