{
  "textures": {
    "0": "tcc:entity/enchanter",
    "1": "tcc:entity/enchanter_book",
    "2": "tcc:entity/enchanter_legs",
    "particle": "tcc:entity/enchanter"
  },
  "elements": [{
      "name": "torso",
      "from": [4, 6, 5],
      "to": [12, 18, 11],
      "faces": {
        "north": {
          "uv": [5.5, 6.5, 7.5, 9.5],
          "texture": "#0",
          "tintindex": 0
        },
        "east": {
          "uv": [4, 6.5, 5.5, 9.5],
          "texture": "#0",
          "tintindex": 0
        },
        "south": {
          "uv": [7.5, 6.5, 9.5, 9.5],
          "texture": "#0",
          "tintindex": 0
        },
        "west": {
          "uv": [9.5, 6.5, 11, 9.5],
          "texture": "#0",
          "tintindex": 0
        },
        "up": {
          "uv": [5.5, 5, 7.5, 6.5],
          "texture": "#0",
          "tintindex": 0
        },
        "down": {
          "uv": [7.5, 5, 9.5, 6.5],
          "texture": "#0",
          "tintindex": 0
        }
      }
    },
    {
      "name": "robe_outside",
      "from": [3.5, -1.5, 4.5],
      "to": [12.5, 18.5, 11.5],
      "faces": {
        "north": {
          "uv": [1.5, 11, 3.5, 15.75],
          "texture": "#0",
          "tintindex": 0
        },
        "east": {
          "uv": [0, 11, 1.5, 15.75],
          "texture": "#0",
          "tintindex": 0
        },
        "south": {
          "uv": [5, 11, 7, 15.75],
          "texture": "#0",
          "tintindex": 0
        },
        "west": {
          "uv": [3.5, 11, 5, 15.75],
          "texture": "#0",
          "tintindex": 0
        },
        "up": {
          "uv": [1.5, 9.5, 3.5, 11],
          "texture": "#0",
          "tintindex": 0
        },
        "down": {
          "uv": [0, 0, 0, 0],
          "texture": "#0",
          "tintindex": 0
        }
      }
    },
    {
      "name": "robe_inside",
      "from": [3.5, 18.5, 4.5],
      "to": [12.5, -1.5, 11.5],
      "faces": {
        "north": {
          "uv": [1.5, 11, 3.5, 15.75],
          "rotation": 180,
          "texture": "#0",
          "tintindex": 0
        },
        "east": {
          "uv": [3.5, 11, 5, 15.75],
          "rotation": 180,
          "texture": "#0",
          "tintindex": 0
        },
        "south": {
          "uv": [5, 11, 7, 15.75],
          "rotation": 180,
          "texture": "#0",
          "tintindex": 0
        },
        "west": {
          "uv": [0, 11, 1.5, 15.75],
          "rotation": 180,
          "texture": "#0",
          "tintindex": 0
        },
        "up": {
          "uv": [0, 0, 0, 0],
          "rotation": 180,
          "texture": "#0",
          "tintindex": 0
        },
        "down": {
          "uv": [1.5, 9.5, 3.5, 11],
          "rotation": 180,
          "texture": "#0",
          "tintindex": 0
        }
      }
    },
    {
      "name": "middle_arm",
      "from": [4, 8, 5],
      "to": [12, 12, 9],
      "rotation": {
        "angle": 45,
        "axis": "x",
        "origin": [14, 14, 8]
      },
      "faces": {
        "north": {
          "uv": [11, 9.5, 13, 10.5],
          "texture": "#0",
          "tintindex": 0
        },
        "east": {
          "uv": [11, 10.5, 10, 11.5],
          "texture": "#0",
          "tintindex": 0
        },
        "south": {
          "uv": [15, 10.5, 13, 9.5],
          "texture": "#0",
          "tintindex": 0
        },
        "west": {
          "uv": [13, 10.5, 14, 11.5],
          "texture": "#0",
          "tintindex": 0
        },
        "up": {
          "uv": [16, 11.5, 14, 10.5],
          "texture": "#0",
          "tintindex": 0
        },
        "down": {
          "uv": [13, 11.5, 11, 10.5],
          "texture": "#0",
          "tintindex": 0
        }
      }
    },
    {
      "name": "right_arm",
      "from": [12, 8, 5],
      "to": [16, 16, 9],
      "rotation": {
        "angle": 45,
        "axis": "x",
        "origin": [14, 14, 8]
      },
      "faces": {
        "north": {
          "uv": [12, 12.5, 11, 14.5],
          "texture": "#0",
          "tintindex": 0
        },
        "east": {
          "uv": [13, 12.5, 12, 14.5],
          "texture": "#0",
          "tintindex": 0
        },
        "south": {
          "uv": [14, 12.5, 13, 14.5],
          "texture": "#0",
          "tintindex": 0
        },
        "west": {
          "uv": [10, 12.5, 11, 14.5],
          "texture": "#0",
          "tintindex": 0
        },
        "up": {
          "uv": [12, 11.5, 11, 12.5],
          "rotation": 180,
          "texture": "#0",
          "tintindex": 0
        },
        "down": {
          "uv": [14, 5.5, 13, 6.5],
          "texture": "#0",
          "tintindex": 0
        }
      }
    },
    {
      "name": "left_arm",
      "from": [0, 8, 5],
      "to": [4, 16, 9],
      "rotation": {
        "angle": 45,
        "axis": "x",
        "origin": [14, 14, 8]
      },
      "faces": {
        "north": {
          "uv": [11, 12.5, 12, 14.5],
          "texture": "#0",
          "tintindex": 0
        },
        "east": {
          "uv": [13, 12.5, 12, 14.5],
          "texture": "#0",
          "tintindex": 0
        },
        "south": {
          "uv": [13, 12.5, 14, 14.5],
          "texture": "#0",
          "tintindex": 0
        },
        "west": {
          "uv": [12, 12.5, 13, 14.5],
          "texture": "#0",
          "tintindex": 0
        },
        "up": {
          "uv": [12, 11.5, 11, 12.5],
          "texture": "#0",
          "tintindex": 0
        },
        "down": {
          "uv": [14, 5.5, 13, 6.5],
          "texture": "#0",
          "tintindex": 0
        }
      }
    },
    {
      "name": "book",
      "from": [5, 16, 3],
      "to": [11, 23, 5],
      "rotation": {
        "angle": -45,
        "axis": "x",
        "origin": [6, 14, 8]
      },
      "faces": {
        "north": {
          "uv": [3, 0, 6, 5],
          "texture": "#1",
          "tintindex": 0
        },
        "east": {
          "uv": [6, 0, 7, 5],
          "texture": "#1",
          "tintindex": 0
        },
        "south": {
          "uv": [11, 0, 14, 5],
          "texture": "#1",
          "tintindex": 0
        }
      }
    },
    {
      "name": "book_interior",
      "from": [5, 23, 3],
      "to": [11, 16, 5],
      "rotation": {
        "angle": -45,
        "axis": "x",
        "origin": [6, 14, 8]
      },
      "faces": {
        "north": {
          "uv": [8, 0, 11, 5],
          "texture": "#1",
          "tintindex": 0
        },
        "east": {
          "uv": [6, 0, 7, 5],
          "texture": "#1",
          "tintindex": 0
        },
        "south": {
          "uv": [0, 0, 3, 5],
          "texture": "#1",
          "tintindex": 0
        }
      }
    },
    {
      "name": "book_pages",
      "from": [6, 16.3, 3],
      "to": [11, 22.3, 5],
      "rotation": {
        "angle": -45,
        "axis": "x",
        "origin": [6, 14, 8]
      },
      "faces": {
        "west": {
          "uv": [3, 5.5, 3.5, 9.5],
          "rotation": 90,
          "texture": "#1",
          "tintindex": 0
        },
        "up": {
          "uv": [1, 5, 3, 5.5],
          "texture": "#1",
          "tintindex": 0
        }
      }
    },
    {
      "name": "left_leg",
      "from": [4, -6, 6],
      "to": [8, 6, 10],
      "rotation": {
        "angle": 0,
        "axis": "x",
        "origin": [6, 5, 8]
      },
      "faces": {
        "north": {
          "uv": [8, 2, 10, 8],
          "texture": "#2",
          "tintindex": 0
        },
        "east": {
          "uv": [12, 2, 14, 8],
          "texture": "#2",
          "tintindex": 0
        },
        "south": {
          "uv": [10, 2, 12, 8],
          "texture": "#2",
          "tintindex": 0
        },
        "west": {
          "uv": [14, 2, 16, 8],
          "texture": "#2",
          "tintindex": 0
        },
        "up": {
          "uv": [10, 0, 12, 2],
          "texture": "#2",
          "tintindex": 0
        },
        "down": {
          "uv": [12, 0, 14, 2],
          "texture": "#2",
          "tintindex": 0
        }
      }
    },
    {
      "name": "left_leg_front",
      "from": [4, -6, 6],
      "to": [8, 6, 10],
      "rotation": {
        "angle": 22.5,
        "axis": "x",
        "origin": [6, 4, 8]
      },
      "faces": {
        "north": {
          "uv": [0, 2, 2, 8],
          "texture": "#2",
          "tintindex": 0
        },
        "east": {
          "uv": [4, 2, 6, 8],
          "texture": "#2",
          "tintindex": 0
        },
        "south": {
          "uv": [2, 2, 4, 8],
          "texture": "#2",
          "tintindex": 0
        },
        "west": {
          "uv": [6, 2, 8, 8],
          "texture": "#2",
          "tintindex": 0
        },
        "up": {
          "uv": [2, 0, 4, 2],
          "texture": "#2",
          "tintindex": 0
        },
        "down": {
          "uv": [4, 0, 6, 2],
          "texture": "#2",
          "tintindex": 0
        }
      }
    },
    {
      "name": "left_leg_back",
      "from": [4, -6, 6],
      "to": [8, 6, 10],
      "rotation": {
        "angle": -22.5,
        "axis": "x",
        "origin": [6, 4, 8]
      },
      "faces": {
        "north": {
          "uv": [8, 10, 10, 16],
          "texture": "#2",
          "tintindex": 0
        },
        "east": {
          "uv": [12, 10, 14, 16],
          "texture": "#2",
          "tintindex": 0
        },
        "south": {
          "uv": [10, 10, 12, 16],
          "texture": "#2",
          "tintindex": 0
        },
        "west": {
          "uv": [14, 10, 16, 16],
          "texture": "#2",
          "tintindex": 0
        },
        "up": {
          "uv": [10, 8, 12, 10],
          "texture": "#2",
          "tintindex": 0
        },
        "down": {
          "uv": [12, 8, 14, 10],
          "texture": "#2",
          "tintindex": 0
        }
      }
    },
    {
      "name": "right_leg",
      "from": [8, -6, 6],
      "to": [12, 6, 10],
      "rotation": {
        "angle": 0,
        "axis": "x",
        "origin": [10, 5, 8]
      },
      "faces": {
        "north": {
          "uv": [8, 2, 10, 8],
          "texture": "#2",
          "tintindex": 0
        },
        "east": {
          "uv": [12, 2, 14, 8],
          "texture": "#2",
          "tintindex": 0
        },
        "south": {
          "uv": [12, 2, 10, 8],
          "texture": "#2",
          "tintindex": 0
        },
        "west": {
          "uv": [14, 2, 16, 8],
          "texture": "#2",
          "tintindex": 0
        },
        "up": {
          "uv": [10, 0, 12, 2],
          "texture": "#2",
          "tintindex": 0
        },
        "down": {
          "uv": [12, 0, 14, 2],
          "rotation": 180,
          "texture": "#2",
          "tintindex": 0
        }
      }
    },
    {
      "name": "right_leg_front",
      "from": [8, -6, 6],
      "to": [12, 6, 10],
      "rotation": {
        "angle": 22.5,
        "axis": "x",
        "origin": [10, 4, 8]
      },
      "faces": {
        "north": {
          "uv": [8, 10, 10, 16],
          "texture": "#2",
          "tintindex": 0
        },
        "east": {
          "uv": [12, 10, 14, 16],
          "texture": "#2",
          "tintindex": 0
        },
        "south": {
          "uv": [10, 10, 12, 16],
          "texture": "#2",
          "tintindex": 0
        },
        "west": {
          "uv": [14, 10, 16, 16],
          "texture": "#2",
          "tintindex": 0
        },
        "up": {
          "uv": [10, 8, 12, 10],
          "texture": "#2",
          "tintindex": 0
        },
        "down": {
          "uv": [12, 8, 14, 10],
          "texture": "#2",
          "tintindex": 0
        }
      }
    },
    {
      "name": "right_leg_back",
      "from": [8, -6, 6],
      "to": [12, 6, 10],
      "rotation": {
        "angle": -22.5,
        "axis": "x",
        "origin": [10, 4, 8]
      },
      "faces": {
        "north": {
          "uv": [0, 2, 2, 8],
          "texture": "#2",
          "tintindex": 0
        },
        "east": {
          "uv": [4, 2, 6, 8],
          "texture": "#2",
          "tintindex": 0
        },
        "south": {
          "uv": [2, 2, 4, 8],
          "texture": "#2",
          "tintindex": 0
        },
        "west": {
          "uv": [6, 2, 8, 8],
          "texture": "#2",
          "tintindex": 0
        },
        "up": {
          "uv": [2, 0, 4, 2],
          "texture": "#2",
          "tintindex": 0
        },
        "down": {
          "uv": [4, 0, 6, 2],
          "texture": "#2",
          "tintindex": 0
        }
      }
    }
  ],
  "display": {
    "firstperson_righthand": {
      "rotation": [-16, -180, 0],
      "translation": [-0.5, 2.75, 1],
      "scale": [0.3, 0.3, 0.3]
    },
    "firstperson_lefthand": {
      "rotation": [-16, -180, 0],
      "translation": [-0.5, 2.75, 1],
      "scale": [0.3, 0.3, 0.3]
    },
    "ground": {
      "rotation": [0, -180, 0],
      "translation": [0, -3.5, -6.4]
    },
    "gui": {
      "rotation": [-30, -180, 21],
      "translation": [-1.25, -1.75, 0],
      "scale": [0.4, 0.4, 0.4]
    },
    "fixed": {
      "translation": [4, 0, 17.25],
      "scale": [4, 4, 4]
    }
  }
}