{
  "parent": "block/block",
  "textures": {
    "0": "tcc:block/jewelry_table/front",
    "1": "tcc:block/jewelry_table/top",
    "2": "tcc:block/jewelry_table/bottom",
    "3": "tcc:block/jewelry_table/side",
    "particle": "tcc:block/jewelry_table/top"
  },
  "elements": [{
      "from": [0, 10, 0],
      "to": [16, 16, 16],
      "shade": false,
      "faces": {
        "north": {
          "uv": [0, 0, 16, 6],
          "texture": "#0"
        },
        "east": {
          "uv": [0, 0, 16, 6],
          "texture": "#3"
        },
        "south": {
          "uv": [0, 0, 16, 6],
          "texture": "#0"
        },
        "west": {
          "uv": [0, 0, 16, 6],
          "texture": "#3"
        },
        "up": {
          "uv": [0, 0, 16, 16],
          "texture": "#1"
        },
        "down": {
          "uv": [0, 0, 16, 16],
          "texture": "#2"
        }
      }
    },
    {
      "from": [4, 0, 4],
      "to": [12, 10, 12],
      "faces": {
        "north": {
          "uv": [0, 6, 8, 16],
          "texture": "#0"
        },
        "east": {
          "uv": [0, 6, 8, 16],
          "texture": "#0"
        },
        "south": {
          "uv": [0, 6, 8, 16],
          "texture": "#0"
        },
        "west": {
          "uv": [0, 6, 8, 16],
          "texture": "#0"
        },
        "up": {
          "uv": [8, 6, 16, 14],
          "texture": "#0"
        },
        "down": {
          "uv": [8, 6, 16, 14],
          "texture": "#0"
        }
      }
    },
    {
      "from": [0, 4, 2],
      "to": [0, 10, 14],
      "faces": {
        "east": {
          "uv": [2, 6, 14, 12],
          "texture": "#3"
        },
        "west": {
          "uv": [2, 6, 14, 12],
          "texture": "#3"
        }
      }
    },
    {
      "from": [16, 4, 2],
      "to": [16, 10, 14],
      "faces": {
        "east": {
          "uv": [2, 6, 14, 12],
          "texture": "#3"
        },
        "west": {
          "uv": [2, 6, 14, 12],
          "texture": "#3"
        }
      }
    }
  ],
  "display": {
    "head": {
      "translation": [0, -43.23, 0],
      "scale": [1.601, 1.601, 1.601]
    }
  }
}