{
  "textures": {
    "0": "tcc:entity/geomancer",
    "particle": "tcc:entity/geomancer"
  },
  "elements": [{
      "name": "face",
      "from": [4, 18, 4],
      "to": [12, 28, 12],
      "rotation": {
        "angle": 0,
        "axis": "y",
        "origin": [12, 26, 12]
      },
      "faces": {
        "north": {
          "uv": [2, 2, 4, 4.5],
          "texture": "#0",
          "tintindex": 0
        },
        "east": {
          "uv": [0, 2, 2, 4.5],
          "texture": "#0",
          "tintindex": 0
        },
        "south": {
          "uv": [6, 2, 8, 4.5],
          "texture": "#0",
          "tintindex": 0
        },
        "west": {
          "uv": [4, 2, 6, 4.5],
          "texture": "#0",
          "tintindex": 0
        },
        "up": {
          "uv": [2, 0, 4, 2],
          "texture": "#0",
          "tintindex": 0
        },
        "down": {
          "uv": [4, 0, 6, 2],
          "texture": "#0",
          "tintindex": 0
        }
      }
    },
    {
      "name": "beard",
      "from": [5, 15, 3],
      "to": [11, 20, 4],
      "rotation": {
        "angle": 0,
        "axis": "y",
        "origin": [12, 26, 12]
      },
      "faces": {
        "north": {
          "uv": [8.25, 3.25, 9.75, 4.5],
          "texture": "#0",
          "tintindex": 0
        },
        "east": {
          "uv": [8, 3.25, 8.25, 4.5],
          "texture": "#0",
          "tintindex": 0
        },
        "south": {
          "uv": [10, 3, 11.5, 4.5],
          "texture": "#0",
          "tintindex": 0
        },
        "west": {
          "uv": [10, 3.25, 9.75, 4.5],
          "texture": "#0",
          "tintindex": 0
        },
        "up": {
          "uv": [8.25, 3, 9.75, 3.25],
          "texture": "#0",
          "tintindex": 0
        },
        "down": {
          "uv": [10, 3, 11.5, 3.25],
          "texture": "#0",
          "tintindex": 0
        }
      }
    },
    {
      "name": "nose",
      "from": [7, 17, 1.999],
      "to": [9, 21, 3.999],
      "rotation": {
        "angle": 0,
        "axis": "y",
        "origin": [15, 25, 11]
      },
      "faces": {
        "north": {
          "uv": [6.5, 0.5, 7, 1.5],
          "texture": "#0",
          "tintindex": 0
        },
        "east": {
          "uv": [6, 0.5, 6.5, 1.5],
          "texture": "#0",
          "tintindex": 0
        },
        "south": {
          "uv": [7.5, 0.5, 8, 1.5],
          "texture": "#0",
          "tintindex": 0
        },
        "west": {
          "uv": [7, 0.5, 7.5, 1.5],
          "texture": "#0",
          "tintindex": 0
        },
        "up": {
          "uv": [7, 0, 7.5, 0.5],
          "texture": "#0",
          "tintindex": 0
        },
        "down": {
          "uv": [6.5, 0, 7, 0.5],
          "texture": "#0",
          "tintindex": 0
        }
      }
    },
    {
      "name": "left_eyebrow_1",
      "from": [4, 22, 3],
      "to": [6, 24, 4],
      "faces": {
        "north": {
          "uv": [8.5, 1.75, 9, 2.25],
          "texture": "#0"
        },
        "east": {
          "uv": [8.25, 1.5, 8.5, 2],
          "texture": "#0"
        },
        "south": {
          "uv": [8.5, 1.75, 9, 2.25],
          "texture": "#0"
        },
        "west": {
          "uv": [9, 1.75, 9.25, 2.25],
          "texture": "#0"
        },
        "up": {
          "uv": [8.5, 1.5, 9, 1.75],
          "texture": "#0"
        },
        "down": {
          "uv": [8.5, 2.25, 9, 2.5],
          "texture": "#0"
        }
      }
    },
    {
      "name": "left_eyebrow_2",
      "from": [6, 22, 3],
      "to": [7, 23, 4],
      "rotation": {
        "angle": 0,
        "axis": "y",
        "origin": [17, 30, 11]
      },
      "faces": {
        "north": {
          "uv": [8.25, 2, 8.5, 2.25],
          "texture": "#0"
        },
        "east": {
          "uv": [8, 2, 8.25, 2.25],
          "texture": "#0"
        },
        "south": {
          "uv": [8.25, 2, 8.5, 2.25],
          "texture": "#0"
        },
        "west": {
          "uv": [8.25, 2, 8.5, 2.25],
          "texture": "#0"
        },
        "up": {
          "uv": [8.25, 1.5, 8.5, 1.75],
          "texture": "#0"
        },
        "down": {
          "uv": [8.25, 2.25, 8.5, 2.5],
          "texture": "#0"
        }
      }
    },
    {
      "name": "right_eyebrow_1",
      "from": [10, 22, 3],
      "to": [12, 24, 4],
      "faces": {
        "north": {
          "uv": [8.5, 1.75, 9, 2.25],
          "texture": "#0"
        },
        "east": {
          "uv": [9, 1.75, 9.25, 2.25],
          "texture": "#0"
        },
        "south": {
          "uv": [8.5, 1.75, 9, 2.25],
          "texture": "#0"
        },
        "west": {
          "uv": [8.25, 1.5, 8.5, 2],
          "texture": "#0"
        },
        "up": {
          "uv": [8.5, 1.5, 9, 1.75],
          "texture": "#0"
        },
        "down": {
          "uv": [8.5, 2.25, 9, 2.5],
          "texture": "#0"
        }
      }
    },
    {
      "name": "right_eyebrow_2",
      "from": [9, 22, 3],
      "to": [10, 23, 4],
      "rotation": {
        "angle": 0,
        "axis": "y",
        "origin": [17, 30, 11]
      },
      "faces": {
        "north": {
          "uv": [8.25, 2, 8.5, 2.25],
          "texture": "#0"
        },
        "east": {
          "uv": [8.25, 2, 8.5, 2.25],
          "texture": "#0"
        },
        "south": {
          "uv": [8.25, 2, 8.5, 2.25],
          "texture": "#0"
        },
        "west": {
          "uv": [8, 2, 8.25, 2.25],
          "texture": "#0"
        },
        "up": {
          "uv": [8.25, 1.5, 8.5, 1.75],
          "texture": "#0"
        },
        "down": {
          "uv": [8.25, 2.25, 8.5, 2.5],
          "texture": "#0"
        }
      }
    }
  ],
  "display": {
    "firstperson_righthand": {
      "rotation": [-16, -180, 0],
      "translation": [-0.5, 2.75, 1],
      "scale": [0.3, 0.3, 0.3]
    },
    "firstperson_lefthand": {
      "rotation": [-16, -180, 0],
      "translation": [-0.5, 2.75, 1],
      "scale": [0.3, 0.3, 0.3]
    },
    "ground": {
      "translation": [0, 11.25, 0]
    },
    "gui": {
      "rotation": [-30, -180, 21],
      "translation": [-1.25, -1.75, 0],
      "scale": [0.4, 0.4, 0.4]
    },
    "head": {
      "translation": [0, -22.4, 0],
      "scale": [1.601, 1.601, 1.601]
    },
    "fixed": {
      "translation": [4, 0, 17.25],
      "scale": [4, 4, 4]
    }
  }
}