{
	"textures": {
		"0": "tcc:entity/geomancer",
		"particle": "tcc:entity/geomancer"
	},
	"elements": [
		{
			"name": "torso",
			"from": [4, 6, 5],
			"to": [12, 18, 11],
			"faces": {
				"north": {"uv": [5.5, 6.5, 7.5, 9.5], "texture": "#0", "tintindex": 0},
				"east": {"uv": [4, 6.5, 5.5, 9.5], "texture": "#0", "tintindex": 0},
				"south": {"uv": [7.5, 6.5, 9.5, 9.5], "texture": "#0", "tintindex": 0},
				"west": {"uv": [9.5, 6.5, 11, 9.5], "texture": "#0", "tintindex": 0},
				"up": {"uv": [5.5, 5, 7.5, 6.5], "texture": "#0", "tintindex": 0},
				"down": {"uv": [7.5, 5, 9.5, 6.5], "texture": "#0", "tintindex": 0}
			}
		},
		{
			"name": "robe_outside",
			"from": [3.5, -1.5, 4.5],
			"to": [12.5, 18.5, 11.5],
			"faces": {
				"north": {"uv": [1.5, 11, 3.5, 15.75], "texture": "#0", "tintindex": 0},
				"east": {"uv": [0, 11, 1.5, 15.75], "texture": "#0", "tintindex": 0},
				"south": {"uv": [5, 11, 7, 15.75], "texture": "#0", "tintindex": 0},
				"west": {"uv": [3.5, 11, 5, 15.75], "texture": "#0", "tintindex": 0},
				"up": {"uv": [3.5, 11, 1.5, 9.5], "texture": "#0", "tintindex": 0},
				"down": {"uv": [0, 0, 0, 0], "texture": "#0", "tintindex": 0}
			}
		},
		{
			"name": "robe_inside",
			"from": [3.5, 18.5, 4.5],
			"to": [12.5, -1.5, 11.5],
			"faces": {
				"north": {"uv": [3.5, 11, 1.5, 15.75], "rotation": 180, "texture": "#0", "tintindex": 0},
				"east": {"uv": [1.5, 11, 0, 15.75], "rotation": 180, "texture": "#0", "tintindex": 0},
				"south": {"uv": [7, 11, 5, 15.75], "rotation": 180, "texture": "#0", "tintindex": 0},
				"west": {"uv": [5, 11, 3.5, 15.75], "rotation": 180, "texture": "#0", "tintindex": 0},
				"up": {"uv": [0, 0, 0, 0], "rotation": 180, "texture": "#0", "tintindex": 0},
				"down": {"uv": [1.5, 11, 3.5, 9.5], "rotation": 180, "texture": "#0", "tintindex": 0}
			}
		},
		{
			"name": "left_arm",
			"from": [0, 14.9, -2],
			"to": [4, 18.9, 10],
			"rotation": {"angle": 22.5, "axis": "x", "origin": [2, 16.9, 6]},
			"faces": {
				"north": {"uv": [12, 11.5, 13, 12.5], "texture": "#0", "tintindex": 0},
				"east": {"uv": [12, 12.5, 13, 15.5], "rotation": 270, "texture": "#0", "tintindex": 0},
				"south": {"uv": [11, 11.5, 12, 12.5], "texture": "#0", "tintindex": 0},
				"west": {"uv": [10, 12.5, 11, 15.5], "rotation": 90, "texture": "#0", "tintindex": 0},
				"up": {"uv": [13, 12.5, 14, 15.5], "rotation": 180, "texture": "#0", "tintindex": 0},
				"down": {"uv": [11, 12.5, 12, 15.5], "texture": "#0", "tintindex": 0}
			}
		},
		{
			"name": "stick",
			"from": [2, -3, -1],
			"to": [3, 22, 0],
			"rotation": {"angle": 22.5, "axis": "x", "origin": [2, 16.9, 6]},
			"faces": {
				"north": {"uv": [7.75, 9.75, 8, 16], "texture": "#0", "tintindex": 0},
				"east": {"uv": [7.5, 9.75, 7.75, 16], "rotation": 270, "texture": "#0", "tintindex": 0},
				"south": {"uv": [8.25, 9.75, 8.5, 16], "texture": "#0", "tintindex": 0},
				"west": {"uv": [7.75, 9.75, 8, 16], "rotation": 90, "texture": "#0", "tintindex": 0},
				"up": {"uv": [7.75, 9.75, 8, 9.75], "rotation": 180, "texture": "#0", "tintindex": 0},
				"down": {"uv": [8, 9.5, 8.25, 9.75], "texture": "#0", "tintindex": 0}
			}
		},
		{
			"name": "right_arm",
			"from": [12, 12.9, -2],
			"to": [16, 16.9, 10],
			"rotation": {"angle": 0, "axis": "x", "origin": [14, 16.9, 6]},
			"faces": {
				"north": {"uv": [13, 11.5, 12, 12.5], "texture": "#0", "tintindex": 0},
				"east": {"uv": [10, 12.5, 11, 15.5], "rotation": 270, "texture": "#0", "tintindex": 0},
				"south": {"uv": [12, 11.5, 11, 12.5], "texture": "#0", "tintindex": 0},
				"west": {"uv": [13, 12.5, 12, 15.5], "rotation": 90, "texture": "#0", "tintindex": 0},
				"up": {"uv": [14, 12.5, 13, 15.5], "rotation": 180, "texture": "#0", "tintindex": 0},
				"down": {"uv": [12, 12.5, 11, 15.5], "texture": "#0", "tintindex": 0}
			}
		},
		{
			"name": "left_leg",
			"from": [4, -6, 6],
			"to": [8, 6, 10],
			"rotation": {"angle": 0, "axis": "x", "origin": [6, 5, 8]},
			"faces": {
				"north": {"uv": [1, 6.5, 2, 9.5], "texture": "#0", "tintindex": 0},
				"east": {"uv": [0, 6.5, 1, 9.5], "texture": "#0", "tintindex": 0},
				"south": {"uv": [3, 6.5, 4, 9.5], "texture": "#0", "tintindex": 0},
				"west": {"uv": [2, 6.5, 3, 9.5], "texture": "#0", "tintindex": 0},
				"up": {"uv": [1, 5.5, 2, 6.5], "rotation": 180, "texture": "#0", "tintindex": 0},
				"down": {"uv": [2, 5.5, 3, 6.5], "rotation": 180, "texture": "#0", "tintindex": 0}
			}
		},
		{
			"name": "right_leg",
			"from": [8, -6, 6],
			"to": [12, 6, 10],
			"rotation": {"angle": 0, "axis": "y", "origin": [10, 5, 8]},
			"faces": {
				"north": {"uv": [1, 6.5, 2, 9.5], "texture": "#0", "tintindex": 0},
				"east": {"uv": [0, 6.5, 1, 9.5], "texture": "#0", "tintindex": 0},
				"south": {"uv": [3, 6.5, 4, 9.5], "texture": "#0", "tintindex": 0},
				"west": {"uv": [2, 6.5, 3, 9.5], "texture": "#0", "tintindex": 0},
				"up": {"uv": [1, 5.5, 2, 6.5], "texture": "#0", "tintindex": 0},
				"down": {"uv": [2, 5.5, 3, 6.5], "rotation": 180, "texture": "#0", "tintindex": 0}
			}
		},
		{
			"from": [4, 14, 3],
			"to": [6, 16, 5],
			"rotation": {"angle": -22.5, "axis": "x", "origin": [5, 15, 4]},
			"faces": {
				"north": {"uv": [4, 10.5, 4.5, 11], "texture": "#0"},
				"east": {"uv": [3.5, 10.5, 4, 11], "texture": "#0"},
				"south": {"uv": [5, 10.5, 5.5, 11], "texture": "#0"},
				"west": {"uv": [4.5, 10.5, 5, 11], "texture": "#0"},
				"up": {"uv": [4.5, 10.5, 4, 10], "texture": "#0"},
				"down": {"uv": [4.5, 10, 5, 10.5], "texture": "#0"}
			}
		},
		{
			"from": [2, 16.3, 5],
			"to": [4, 18.3, 7],
			"rotation": {"angle": -22.5, "axis": "x", "origin": [3, 17, 6]},
			"faces": {
				"north": {"uv": [4, 10.5, 4.5, 11], "texture": "#0"},
				"east": {"uv": [3.5, 10.5, 4, 11], "texture": "#0"},
				"south": {"uv": [5, 10.5, 5.5, 11], "texture": "#0"},
				"west": {"uv": [4.5, 10.5, 5, 11], "texture": "#0"},
				"up": {"uv": [4.5, 10.5, 4, 10], "texture": "#0"},
				"down": {"uv": [4.5, 10, 5, 10.5], "texture": "#0"}
			}
		},
		{
			"from": [2, 17, 8],
			"to": [4, 19, 10],
			"rotation": {"angle": 0, "axis": "x", "origin": [3, 18, 9]},
			"faces": {
				"north": {"uv": [4, 10.5, 4.5, 11], "texture": "#0"},
				"east": {"uv": [3.5, 10.5, 4, 11], "texture": "#0"},
				"south": {"uv": [5, 10.5, 5.5, 11], "texture": "#0"},
				"west": {"uv": [4.5, 10.5, 5, 11], "texture": "#0"},
				"up": {"uv": [4.5, 10.5, 4, 10], "texture": "#0"},
				"down": {"uv": [4.5, 10, 5, 10.5], "texture": "#0"}
			}
		},
		{
			"from": [12, 17, 8],
			"to": [14, 19, 10],
			"rotation": {"angle": 0, "axis": "y", "origin": [12, 18, 10]},
			"faces": {
				"north": {"uv": [4, 10.5, 4.5, 11], "texture": "#0"},
				"east": {"uv": [3.5, 10.5, 4, 11], "texture": "#0"},
				"south": {"uv": [5, 10.5, 5.5, 11], "texture": "#0"},
				"west": {"uv": [4.5, 10.5, 5, 11], "texture": "#0"},
				"up": {"uv": [4.5, 10.5, 4, 10], "texture": "#0"},
				"down": {"uv": [4.5, 10, 5, 10.5], "texture": "#0"}
			}
		},
		{
			"from": [12, 16.3, 5],
			"to": [14, 18.3, 7],
			"rotation": {"angle": -22.5, "axis": "x", "origin": [12, 17, 6]},
			"faces": {
				"north": {"uv": [4, 10.5, 4.5, 11], "texture": "#0"},
				"east": {"uv": [3.5, 10.5, 4, 11], "texture": "#0"},
				"south": {"uv": [5, 10.5, 5.5, 11], "texture": "#0"},
				"west": {"uv": [4.5, 10.5, 5, 11], "texture": "#0"},
				"up": {"uv": [4.5, 10.5, 4, 10], "texture": "#0"},
				"down": {"uv": [4.5, 10, 5, 10.5], "texture": "#0"}
			}
		},
		{
			"from": [10, 14, 3],
			"to": [12, 16, 5],
			"rotation": {"angle": -22.5, "axis": "x", "origin": [11, 15, 4]},
			"faces": {
				"north": {"uv": [4, 10.5, 4.5, 11], "texture": "#0"},
				"east": {"uv": [3.5, 10.5, 4, 11], "texture": "#0"},
				"south": {"uv": [5, 10.5, 5.5, 11], "texture": "#0"},
				"west": {"uv": [4.5, 10.5, 5, 11], "texture": "#0"},
				"up": {"uv": [4.5, 10.5, 4, 10], "texture": "#0"},
				"down": {"uv": [4.5, 10, 5, 10.5], "texture": "#0"}
			}
		},
		{
			"from": [7, 13, 3],
			"to": [9, 15, 5],
			"rotation": {"angle": -22.5, "axis": "x", "origin": [8, 14, 4]},
			"faces": {
				"north": {"uv": [4, 10.5, 4.5, 11], "texture": "#0"},
				"east": {"uv": [3.5, 10.5, 4, 11], "texture": "#0"},
				"south": {"uv": [5, 10.5, 5.5, 11], "texture": "#0"},
				"west": {"uv": [4.5, 10.5, 5, 11], "texture": "#0"},
				"up": {"uv": [4.5, 10.5, 4, 10], "texture": "#0"},
				"down": {"uv": [4.5, 10, 5, 10.5], "texture": "#0"}
			}
		}
	],
	"display": {
		"firstperson_righthand": {
			"rotation": [-16, -180, 0],
			"translation": [-0.5, 2.75, 1],
			"scale": [0.3, 0.3, 0.3]
		},
		"firstperson_lefthand": {
			"rotation": [-16, -180, 0],
			"translation": [-0.5, 2.75, 1],
			"scale": [0.3, 0.3, 0.3]
		},
		"ground": {
			"rotation": [0, -180, 0],
			"translation": [0, -3.5, -6.4]
		},
		"gui": {
			"rotation": [-30, -180, 21],
			"translation": [-1.25, -1.75, 0],
			"scale": [0.4, 0.4, 0.4]
		},
		"head": {
			"translation": [-26.25, -20.5, 55.75],
			"scale": [1.7, 1.7, 1.7]
		},
		"fixed": {
			"translation": [4, 0, 17.25],
			"scale": [4, 4, 4]
		}
	}
}