{
  "providers": [
    {
      "type": "bitmap",
      "file": "tcc:gui/compendium/recipes/chopper.png",
      "ascent": 48,
      "height": 100,
      "chars": [
        "\uc000"
      ]
    },
    {
      "type": "bitmap",
      "file": "tcc:gui/compendium/recipes/excavator.png",
      "ascent": 48,
      "height": 100,
      "chars": [
        "\uc001"
      ]
    },
    {
      "type": "bitmap",
      "file": "tcc:gui/compendium/recipes/harvester.png",
      "ascent": 48,
      "height": 100,
      "chars": [
        "\uc002"
      ]
    },
    {
      "type": "bitmap",
      "file": "tcc:gui/compendium/recipes/sifter.png",
      "ascent": 48,
      "height": 100,
      "chars": [
        "\uc003"
      ]
    },
    {
      "type": "bitmap",
      "file": "tcc:gui/compendium/recipes/snipper.png",
      "ascent": 48,
      "height": 100,
      "chars": [
        "\uc004"
      ]
    }
  ]
}