{
  "providers": [{
      "type": "bitmap",
      "file": "tcc:gui/emoji/default.png",
      "ascent": 7,
      "height": 16.5,
      "chars": [
        "\uc001"
      ]
    },
    {
      "type": "bitmap",
      "file": "tcc:gui/emoji/angry.png",
      "ascent": 7,
      "height": 16.5,
      "chars": [
        "\uc002"
      ]
    },
    {
      "type": "bitmap",
      "file": "tcc:gui/emoji/confused.png",
      "ascent": 7,
      "height": 16.5,
      "chars": [
        "\uc003"
      ]
    },
    {
      "type": "bitmap",
      "file": "tcc:gui/emoji/sad.png",
      "ascent": 7,
      "height": 16.5,
      "chars": [
        "\uc004"
      ]
    },
    {
      "type": "bitmap",
      "file": "tcc:gui/emoji/scared.png",
      "ascent": 7,
      "height": 16.5,
      "chars": [
        "\uc005"
      ]
    },
    {
      "type": "bitmap",
      "file": "tcc:gui/emoji/queasy.png",
      "ascent": 7,
      "height": 16.5,
      "chars": [
        "\uc006"
      ]
    },
    {
      "type": "bitmap",
      "file": "tcc:gui/emoji/sobbing.png",
      "ascent": 7,
      "height": 16.5,
      "chars": [
        "\uc007"
      ]
    },
    {
      "type": "bitmap",
      "file": "tcc:gui/emoji/shrug.png",
      "ascent": 7,
      "height": 16.5,
      "chars": [
        "\uc008"
      ]
    },
    {
      "type": "bitmap",
      "file": "tcc:gui/emoji/crazy.png",
      "ascent": 7,
      "height": 16.5,
      "chars": [
        "\uc009"
      ]
    },
    {
      "type": "bitmap",
      "file": "tcc:gui/emoji/deal_with_it.png",
      "ascent": 7,
      "height": 16.5,
      "chars": [
        "\uc010"
      ]
    },
    {
      "type": "bitmap",
      "file": "tcc:gui/emoji/jolly.png",
      "ascent": 7,
      "height": 16.5,
      "chars": [
        "\uc011"
      ]
    },
    {
      "type": "bitmap",
      "file": "tcc:gui/emoji/monocle.png",
      "ascent": 7,
      "height": 16.5,
      "chars": [
        "\uc012"
      ]
    },
    {
      "type": "bitmap",
      "file": "tcc:gui/emoji/smart.png",
      "ascent": 7,
      "height": 16.5,
      "chars": [
        "\uc013"
      ]
    },
    {
      "type": "bitmap",
      "file": "tcc:gui/emoji/sneaky.png",
      "ascent": 7,
      "height": 16.5,
      "chars": [
        "\uc014"
      ]
    },
    {
      "type": "bitmap",
      "file": "tcc:gui/emoji/eyeroll.png",
      "ascent": 7,
      "height": 16.5,
      "chars": [
        "\uc015"
      ]
    },
    {
      "type": "bitmap",
      "file": "tcc:gui/emoji/love.png",
      "ascent": 7,
      "height": 16.5,
      "chars": [
        "\uc016"
      ]
    },
    {
      "type": "bitmap",
      "file": "tcc:gui/emoji/sleepy.png",
      "ascent": 7,
      "height": 16.5,
      "chars": [
        "\uc017"
      ]
    },
    {
      "type": "bitmap",
      "file": "tcc:gui/emoji/thumbsup.png",
      "ascent": 7,
      "height": 16.5,
      "chars": [
        "\uc018"
      ]
    },
    {
      "type": "bitmap",
      "file": "tcc:gui/emoji/thumbsdown.png",
      "ascent": 7,
      "height": 16.5,
      "chars": [
        "\uc019"
      ]
    },
    {
      "type": "bitmap",
      "file": "tcc:gui/emoji/zombie.png",
      "ascent": 7,
      "height": 16.5,
      "chars": [
        "\uc020"
      ]
    },
    {
      "type": "bitmap",
      "file": "tcc:gui/emoji/herobrine.png",
      "ascent": 7,
      "height": 16.5,
      "chars": [
        "\uc021"
      ]
    },
    {
      "type": "bitmap",
      "file": "tcc:gui/emoji/stare.png",
      "ascent": 7,
      "height": 16.5,
      "chars": [
        "\uc022"
      ]
    },
    {
      "type": "bitmap",
      "file": "tcc:gui/emoji/default.png",
      "ascent": 7,
      "height": 7,
      "chars": [
        "\ue001"
      ]
    },
    {
      "type": "bitmap",
      "file": "tcc:gui/emoji/angry.png",
      "ascent": 7,
      "height": 7,
      "chars": [
        "\ue002"
      ]
    },
    {
      "type": "bitmap",
      "file": "tcc:gui/emoji/confused.png",
      "ascent": 7,
      "height": 7,
      "chars": [
        "\ue003"
      ]
    },
    {
      "type": "bitmap",
      "file": "tcc:gui/emoji/sad.png",
      "ascent": 7,
      "height": 7,
      "chars": [
        "\ue004"
      ]
    },
    {
      "type": "bitmap",
      "file": "tcc:gui/emoji/scared.png",
      "ascent": 7,
      "height": 7,
      "chars": [
        "\ue005"
      ]
    },
    {
      "type": "bitmap",
      "file": "tcc:gui/emoji/queasy.png",
      "ascent": 7,
      "height": 7,
      "chars": [
        "\ue006"
      ]
    },
    {
      "type": "bitmap",
      "file": "tcc:gui/emoji/sobbing.png",
      "ascent": 7,
      "height": 7,
      "chars": [
        "\ue007"
      ]
    },
    {
      "type": "bitmap",
      "file": "tcc:gui/emoji/shrug.png",
      "ascent": 7,
      "height": 7,
      "chars": [
        "\ue008"
      ]
    },
    {
      "type": "bitmap",
      "file": "tcc:gui/emoji/crazy.png",
      "ascent": 7,
      "height": 7,
      "chars": [
        "\ue009"
      ]
    },
    {
      "type": "bitmap",
      "file": "tcc:gui/emoji/deal_with_it.png",
      "ascent": 7,
      "height": 7,
      "chars": [
        "\ue010"
      ]
    },
    {
      "type": "bitmap",
      "file": "tcc:gui/emoji/jolly.png",
      "ascent": 7,
      "height": 7,
      "chars": [
        "\ue011"
      ]
    },
    {
      "type": "bitmap",
      "file": "tcc:gui/emoji/monocle.png",
      "ascent": 7,
      "height": 7,
      "chars": [
        "\ue012"
      ]
    },
    {
      "type": "bitmap",
      "file": "tcc:gui/emoji/smart.png",
      "ascent": 7,
      "height": 7,
      "chars": [
        "\ue013"
      ]
    },
    {
      "type": "bitmap",
      "file": "tcc:gui/emoji/sneaky.png",
      "ascent": 7,
      "height": 7,
      "chars": [
        "\ue014"
      ]
    },
    {
      "type": "bitmap",
      "file": "tcc:gui/emoji/eyeroll.png",
      "ascent": 7,
      "height": 7,
      "chars": [
        "\ue015"
      ]
    },
    {
      "type": "bitmap",
      "file": "tcc:gui/emoji/love.png",
      "ascent": 7,
      "height": 7,
      "chars": [
        "\ue016"
      ]
    },
    {
      "type": "bitmap",
      "file": "tcc:gui/emoji/sleepy.png",
      "ascent": 7,
      "height": 7,
      "chars": [
        "\ue017"
      ]
    },
    {
      "type": "bitmap",
      "file": "tcc:gui/emoji/thumbsup.png",
      "ascent": 7,
      "height": 7,
      "chars": [
        "\ue018"
      ]
    },
    {
      "type": "bitmap",
      "file": "tcc:gui/emoji/thumbsdown.png",
      "ascent": 7,
      "height": 7,
      "chars": [
        "\ue019"
      ]
    },
    {
      "type": "bitmap",
      "file": "tcc:gui/emoji/zombie.png",
      "ascent": 7,
      "height": 7,
      "chars": [
        "\ue020"
      ]
    },
    {
      "type": "bitmap",
      "file": "tcc:gui/emoji/herobrine.png",
      "ascent": 7,
      "height": 7,
      "chars": [
        "\ue021"
      ]
    },
    {
      "type": "bitmap",
      "file": "tcc:gui/emoji/stare.png",
      "ascent": 7,
      "height": 7,
      "chars": [
        "\ue022"
      ]
    }
  ]
}
