{
  "parent": "item/generated",
  "textures": {
    "layer0": "item/cake"
  },
  "overrides": [{
      "predicate": {
        "custom_model_data": 330000
      },
      "model": "tcc:item/cake/one_bite"
    },
    {
      "predicate": {
        "custom_model_data": 330001
      },
      "model": "tcc:item/cake/two_bites"
    },
    {
      "predicate": {
        "custom_model_data": 330002
      },
      "model": "tcc:item/cake/three_bites"
    },
    {
      "predicate": {
        "custom_model_data": 330003
      },
      "model": "tcc:item/cake/four_bites"
    },
    {
      "predicate": {
        "custom_model_data": 330004
      },
      "model": "tcc:item/cake/five_bites"
    },
    {
      "predicate": {
        "custom_model_data": 330005
      },
      "model": "tcc:item/cake/six_bites"
    }
  ]
}