{
  "parent": "item/generated",
  "textures": {
    "layer0": "item/compass_16"
  },
  "overrides": [{
      "predicate": {
        "angle": 0.000000
      },
      "model": "item/compass"
    },
    {
      "predicate": {
        "angle": 0.015625
      },
      "model": "item/compass_17"
    },
    {
      "predicate": {
        "angle": 0.046875
      },
      "model": "item/compass_18"
    },
    {
      "predicate": {
        "angle": 0.078125
      },
      "model": "item/compass_19"
    },
    {
      "predicate": {
        "angle": 0.109375
      },
      "model": "item/compass_20"
    },
    {
      "predicate": {
        "angle": 0.140625
      },
      "model": "item/compass_21"
    },
    {
      "predicate": {
        "angle": 0.171875
      },
      "model": "item/compass_22"
    },
    {
      "predicate": {
        "angle": 0.203125
      },
      "model": "item/compass_23"
    },
    {
      "predicate": {
        "angle": 0.234375
      },
      "model": "item/compass_24"
    },
    {
      "predicate": {
        "angle": 0.265625
      },
      "model": "item/compass_25"
    },
    {
      "predicate": {
        "angle": 0.296875
      },
      "model": "item/compass_26"
    },
    {
      "predicate": {
        "angle": 0.328125
      },
      "model": "item/compass_27"
    },
    {
      "predicate": {
        "angle": 0.359375
      },
      "model": "item/compass_28"
    },
    {
      "predicate": {
        "angle": 0.390625
      },
      "model": "item/compass_29"
    },
    {
      "predicate": {
        "angle": 0.421875
      },
      "model": "item/compass_30"
    },
    {
      "predicate": {
        "angle": 0.453125
      },
      "model": "item/compass_31"
    },
    {
      "predicate": {
        "angle": 0.484375
      },
      "model": "item/compass_00"
    },
    {
      "predicate": {
        "angle": 0.515625
      },
      "model": "item/compass_01"
    },
    {
      "predicate": {
        "angle": 0.546875
      },
      "model": "item/compass_02"
    },
    {
      "predicate": {
        "angle": 0.578125
      },
      "model": "item/compass_03"
    },
    {
      "predicate": {
        "angle": 0.609375
      },
      "model": "item/compass_04"
    },
    {
      "predicate": {
        "angle": 0.640625
      },
      "model": "item/compass_05"
    },
    {
      "predicate": {
        "angle": 0.671875
      },
      "model": "item/compass_06"
    },
    {
      "predicate": {
        "angle": 0.703125
      },
      "model": "item/compass_07"
    },
    {
      "predicate": {
        "angle": 0.734375
      },
      "model": "item/compass_08"
    },
    {
      "predicate": {
        "angle": 0.765625
      },
      "model": "item/compass_09"
    },
    {
      "predicate": {
        "angle": 0.796875
      },
      "model": "item/compass_10"
    },
    {
      "predicate": {
        "angle": 0.828125
      },
      "model": "item/compass_11"
    },
    {
      "predicate": {
        "angle": 0.859375
      },
      "model": "item/compass_12"
    },
    {
      "predicate": {
        "angle": 0.890625
      },
      "model": "item/compass_13"
    },
    {
      "predicate": {
        "angle": 0.921875
      },
      "model": "item/compass_14"
    },
    {
      "predicate": {
        "angle": 0.953125
      },
      "model": "item/compass_15"
    },
    {
      "predicate": {
        "angle": 0.984375
      },
      "model": "item/compass"
    },
    {
      "predicate": {
        "angle": 0.000000,
        "custom_model_data": 330000
      },
      "model": "tcc:item/smoldering_seeker/16"
    },
    {
      "predicate": {
        "angle": 0.015625,
        "custom_model_data": 330000
      },
      "model": "tcc:item/smoldering_seeker/17"
    },
    {
      "predicate": {
        "angle": 0.046875,
        "custom_model_data": 330000
      },
      "model": "tcc:item/smoldering_seeker/18"
    },
    {
      "predicate": {
        "angle": 0.078125,
        "custom_model_data": 330000
      },
      "model": "tcc:item/smoldering_seeker/19"
    },
    {
      "predicate": {
        "angle": 0.109375,
        "custom_model_data": 330000
      },
      "model": "tcc:item/smoldering_seeker/20"
    },
    {
      "predicate": {
        "angle": 0.140625,
        "custom_model_data": 330000
      },
      "model": "tcc:item/smoldering_seeker/21"
    },
    {
      "predicate": {
        "angle": 0.171875,
        "custom_model_data": 330000
      },
      "model": "tcc:item/smoldering_seeker/22"
    },
    {
      "predicate": {
        "angle": 0.203125,
        "custom_model_data": 330000
      },
      "model": "tcc:item/smoldering_seeker/23"
    },
    {
      "predicate": {
        "angle": 0.234375,
        "custom_model_data": 330000
      },
      "model": "tcc:item/smoldering_seeker/24"
    },
    {
      "predicate": {
        "angle": 0.265625,
        "custom_model_data": 330000
      },
      "model": "tcc:item/smoldering_seeker/25"
    },
    {
      "predicate": {
        "angle": 0.296875,
        "custom_model_data": 330000
      },
      "model": "tcc:item/smoldering_seeker/26"
    },
    {
      "predicate": {
        "angle": 0.328125,
        "custom_model_data": 330000
      },
      "model": "tcc:item/smoldering_seeker/27"
    },
    {
      "predicate": {
        "angle": 0.359375,
        "custom_model_data": 330000
      },
      "model": "tcc:item/smoldering_seeker/28"
    },
    {
      "predicate": {
        "angle": 0.390625,
        "custom_model_data": 330000
      },
      "model": "tcc:item/smoldering_seeker/29"
    },
    {
      "predicate": {
        "angle": 0.421875,
        "custom_model_data": 330000
      },
      "model": "tcc:item/smoldering_seeker/30"
    },
    {
      "predicate": {
        "angle": 0.453125,
        "custom_model_data": 330000
      },
      "model": "tcc:item/smoldering_seeker/31"
    },
    {
      "predicate": {
        "angle": 0.484375,
        "custom_model_data": 330000
      },
      "model": "tcc:item/smoldering_seeker/00"
    },
    {
      "predicate": {
        "angle": 0.515625,
        "custom_model_data": 330000
      },
      "model": "tcc:item/smoldering_seeker/01"
    },
    {
      "predicate": {
        "angle": 0.546875,
        "custom_model_data": 330000
      },
      "model": "tcc:item/smoldering_seeker/02"
    },
    {
      "predicate": {
        "angle": 0.578125,
        "custom_model_data": 330000
      },
      "model": "tcc:item/smoldering_seeker/03"
    },
    {
      "predicate": {
        "angle": 0.609375,
        "custom_model_data": 330000
      },
      "model": "tcc:item/smoldering_seeker/04"
    },
    {
      "predicate": {
        "angle": 0.640625,
        "custom_model_data": 330000
      },
      "model": "tcc:item/smoldering_seeker/05"
    },
    {
      "predicate": {
        "angle": 0.671875,
        "custom_model_data": 330000
      },
      "model": "tcc:item/smoldering_seeker/06"
    },
    {
      "predicate": {
        "angle": 0.703125,
        "custom_model_data": 330000
      },
      "model": "tcc:item/smoldering_seeker/07"
    },
    {
      "predicate": {
        "angle": 0.734375,
        "custom_model_data": 330000
      },
      "model": "tcc:item/smoldering_seeker/08"
    },
    {
      "predicate": {
        "angle": 0.765625,
        "custom_model_data": 330000
      },
      "model": "tcc:item/smoldering_seeker/09"
    },
    {
      "predicate": {
        "angle": 0.796875,
        "custom_model_data": 330000
      },
      "model": "tcc:item/smoldering_seeker/10"
    },
    {
      "predicate": {
        "angle": 0.828125,
        "custom_model_data": 330000
      },
      "model": "tcc:item/smoldering_seeker/11"
    },
    {
      "predicate": {
        "angle": 0.859375,
        "custom_model_data": 330000
      },
      "model": "tcc:item/smoldering_seeker/12"
    },
    {
      "predicate": {
        "angle": 0.890625,
        "custom_model_data": 330000
      },
      "model": "tcc:item/smoldering_seeker/13"
    },
    {
      "predicate": {
        "angle": 0.921875,
        "custom_model_data": 330000
      },
      "model": "tcc:item/smoldering_seeker/14"
    },
    {
      "predicate": {
        "angle": 0.953125,
        "custom_model_data": 330000
      },
      "model": "tcc:item/smoldering_seeker/15"
    },
    {
      "predicate": {
        "angle": 0.984375,
        "custom_model_data": 330000
      },
      "model": "tcc:item/smoldering_seeker/16"
    }
  ]
}