{
  "parent": "minecraft:block/composter",
  "overrides": [{
      "predicate": {
        "custom_model_data": 330000
      },
      "model": "tcc:block/composter/contents1"
    },
    {
      "predicate": {
        "custom_model_data": 330001
      },
      "model": "tcc:block/composter/contents2"
    },
    {
      "predicate": {
        "custom_model_data": 330002
      },
      "model": "tcc:block/composter/contents3"
    },
    {
      "predicate": {
        "custom_model_data": 330003
      },
      "model": "tcc:block/composter/contents4"
    },
    {
      "predicate": {
        "custom_model_data": 330004
      },
      "model": "tcc:block/composter/contents5"
    },
    {
      "predicate": {
        "custom_model_data": 330005
      },
      "model": "tcc:block/composter/contents6"
    },
    {
      "predicate": {
        "custom_model_data": 330006
      },
      "model": "tcc:block/composter/contents7"
    },
    {
      "predicate": {
        "custom_model_data": 330007
      },
      "model": "tcc:block/composter/contents_ready"
    }
  ]
}