{
  "parent": "item/generated",
  "textures": {
    "layer0": "item/emerald"
  },
  "overrides": [{
      "predicate": {
        "custom_model_data": 330000
      },
      "model": "tcc:gui/cycler_trade/0"
    },
    {
      "predicate": {
        "custom_model_data": 330001
      },
      "model": "tcc:gui/cycler_trade/1"
    },
    {
      "predicate": {
        "custom_model_data": 330002
      },
      "model": "tcc:gui/cycler_trade/2"
    },
    {
      "predicate": {
        "custom_model_data": 330003
      },
      "model": "tcc:gui/cycler_trade/3"
    }
  ]
}
