{
  "parent": "item/generated",
  "textures": {
    "layer0": "item/potion_overlay",
    "layer1": "item/potion"
  },
  "overrides": [{
      "predicate": {
        "custom_model_data": 330000
      },
      "model": "tcc:item/teacup/amenable"
    },
    {
      "predicate": {
        "custom_model_data": 330001
      },
      "model": "tcc:item/teacup/antitoxin"
    },
    {
      "predicate": {
        "custom_model_data": 330002
      },
      "model": "tcc:item/teacup/clearsight"
    },
    {
      "predicate": {
        "custom_model_data": 330003
      },
      "model": "tcc:item/teacup/obscurity"
    },
    {
      "predicate": {
        "custom_model_data": 330004
      },
      "model": "tcc:item/teacup/plenty"
    },
    {
      "predicate": {
        "custom_model_data": 330005
      },
      "model": "tcc:item/teacup/purity"
    },
    {
      "predicate": {
        "custom_model_data": 330006
      },
      "model": "tcc:item/teacup/serendipity"
    },
    {
      "predicate": {
        "custom_model_data": 330007
      },
      "model": "tcc:item/teacup/stability"
    },
    {
      "predicate": {
        "custom_model_data": 330008
      },
      "model": "tcc:item/teacup/steadiness"
    },
    {
      "predicate": {
        "custom_model_data": 330009
      },
      "model": "tcc:item/teacup/vigor"
    },
    {
      "predicate": {
        "custom_model_data": 330010
      },
      "model": "tcc:item/teacup/vitality"
    },
    {
      "predicate": {
        "custom_model_data": 330011
      },
      "model": "tcc:item/teacup/vivacity"
    },
    {
      "predicate": {
        "custom_model_data": 330012
      },
      "model": "tcc:item/riftjuice_bottle"
    }
  ]
}