{
  "parent": "block/block",
  "textures": {
    "log": "block/campfire_log",
    "particle": "tcc:block/teapot",
    "teapot": "tcc:block/teapot"
  },
  "elements": [{
      "from": [6, -2, -4],
      "to": [10, 30, 0],
      "rotation": {
        "angle": 0,
        "axis": "y",
        "origin": [8, 6, 8]
      },
      "faces": {
        "north": {
          "uv": [0, 1, 16, 3],
          "rotation": 90,
          "texture": "#log"
        },
        "east": {
          "uv": [0, 0, 16, 2],
          "rotation": 90,
          "texture": "#log"
        },
        "south": {
          "uv": [0, 2, 16, 4],
          "rotation": 90,
          "texture": "#log"
        },
        "west": {
          "uv": [0, 0, 16, 2],
          "rotation": 90,
          "texture": "#log"
        },
        "up": {
          "uv": [0, 0, 2, 2],
          "texture": "#log"
        },
        "down": {
          "uv": [0, 0, 2, 2],
          "texture": "#log"
        }
      }
    },
    {
      "from": [6, -2, 16],
      "to": [10, 30, 20],
      "rotation": {
        "angle": 0,
        "axis": "y",
        "origin": [8, 6, 8]
      },
      "faces": {
        "north": {
          "uv": [0, 1, 16, 3],
          "rotation": 90,
          "texture": "#log"
        },
        "east": {
          "uv": [0, 0, 16, 2],
          "rotation": 90,
          "texture": "#log"
        },
        "south": {
          "uv": [0, 1, 16, 3],
          "rotation": 90,
          "texture": "#log"
        },
        "west": {
          "uv": [0, 0, 16, 2],
          "rotation": 90,
          "texture": "#log"
        },
        "up": {
          "uv": [14, 0, 16, 2],
          "texture": "#log"
        },
        "down": {
          "uv": [0, 0, 2, 2],
          "texture": "#log"
        }
      }
    },
    {
      "from": [6, 26, 0],
      "to": [10, 30, 16],
      "rotation": {
        "angle": 0,
        "axis": "y",
        "origin": [8, 6, 8]
      },
      "faces": {
        "east": {
          "uv": [4, 0, 12, 2],
          "texture": "#log"
        },
        "west": {
          "uv": [2, 0, 10, 2],
          "texture": "#log"
        },
        "up": {
          "uv": [4, 1, 12, 3],
          "rotation": 90,
          "texture": "#log"
        },
        "down": {
          "uv": [0, 0, 2, 2],
          "texture": "#log"
        }
      }
    },
    {
      "from": [13, 8, 3],
      "to": [15, 22, 13],
      "rotation": {
        "angle": 0,
        "axis": "y",
        "origin": [9, 16, 9]
      },
      "faces": {
        "north": {
          "uv": [0, 0, 7, 7],
          "texture": "#teapot"
        },
        "east": {
          "uv": [1, 0, 5.999, 7],
          "texture": "#teapot"
        },
        "south": {
          "uv": [0, 0, 7, 7],
          "texture": "#teapot"
        },
        "west": {
          "uv": [1, 0, 5.999, 7],
          "texture": "#teapot"
        },
        "up": {
          "uv": [12.999, 1, 13.999, 5.999],
          "texture": "#teapot"
        },
        "down": {
          "uv": [5.999, 8, 6.999, 12.999],
          "texture": "#teapot"
        }
      }
    },
    {
      "from": [1, 8, 3],
      "to": [3, 22, 13],
      "rotation": {
        "angle": 0,
        "axis": "y",
        "origin": [9, 16, 9]
      },
      "faces": {
        "north": {
          "uv": [0, 0, 7, 7],
          "texture": "#teapot"
        },
        "east": {
          "uv": [1, 0, 5.999, 7],
          "texture": "#teapot"
        },
        "south": {
          "uv": [0, 0, 7, 7],
          "texture": "#teapot"
        },
        "west": {
          "uv": [1, 0, 5.999, 7],
          "texture": "#teapot"
        },
        "up": {
          "uv": [7, 1, 8, 5.999],
          "texture": "#teapot"
        },
        "down": {
          "uv": [0, 8, 1, 12.999],
          "texture": "#teapot"
        }
      }
    },
    {
      "from": [1, 8, 13],
      "to": [15, 22, 15],
      "rotation": {
        "angle": 0,
        "axis": "y",
        "origin": [9, 16, 9]
      },
      "faces": {
        "north": {
          "uv": [0, 0, 6.999, 7],
          "texture": "#teapot"
        },
        "east": {
          "uv": [0, 0, 1, 7],
          "texture": "#teapot"
        },
        "south": {
          "uv": [0, 0, 7, 7],
          "texture": "#teapot"
        },
        "west": {
          "uv": [5.999, 0, 6.999, 7],
          "texture": "#teapot"
        },
        "up": {
          "uv": [7, 5.999, 13.999, 6.999],
          "texture": "#teapot"
        },
        "down": {
          "uv": [0, 12.999, 7, 13.999],
          "texture": "#teapot"
        }
      }
    },
    {
      "from": [1, 8, 1],
      "to": [15, 22, 3],
      "rotation": {
        "angle": 0,
        "axis": "y",
        "origin": [9, 16, 9]
      },
      "faces": {
        "north": {
          "uv": [0, 0, 7, 7],
          "texture": "#teapot"
        },
        "east": {
          "uv": [5.999, 0, 6.999, 7],
          "texture": "#teapot"
        },
        "south": {
          "uv": [0, 0, 7, 7],
          "texture": "#teapot"
        },
        "west": {
          "uv": [0, 0, 1, 7],
          "texture": "#teapot"
        },
        "up": {
          "uv": [7, 0, 13.999, 1],
          "texture": "#teapot"
        },
        "down": {
          "uv": [0, 7, 7, 7.999],
          "texture": "#teapot"
        }
      }
    },
    {
      "from": [3, 8, 3],
      "to": [13, 20, 13],
      "rotation": {
        "angle": 0,
        "axis": "y",
        "origin": [9, 16, 9]
      },
      "faces": {
        "north": {
          "uv": [0, 0, 7, 7],
          "texture": "#teapot"
        },
        "east": {
          "uv": [0, 0, 7, 7],
          "texture": "#teapot"
        },
        "south": {
          "uv": [0, 0, 7, 7],
          "texture": "#teapot"
        },
        "west": {
          "uv": [0, 0, 7, 7],
          "texture": "#teapot"
        },
        "up": {
          "uv": [8, 1, 13, 6],
          "texture": "#teapot",
          "tintindex": 0
        },
        "down": {
          "uv": [1, 8, 5.998, 12.998],
          "texture": "#teapot"
        }
      }
    },
    {
      "from": [15, 11, 7],
      "to": [19, 15, 9],
      "rotation": {
        "angle": 0,
        "axis": "y",
        "origin": [9, 16, 9]
      },
      "faces": {
        "north": {
          "uv": [1, 14, 3, 16],
          "texture": "#teapot"
        },
        "east": {
          "uv": [1, 14, 2, 16],
          "texture": "#teapot"
        },
        "south": {
          "uv": [0, 14, 2, 16],
          "texture": "#teapot"
        },
        "west": {
          "uv": [0, 14, 1, 16],
          "texture": "#teapot"
        },
        "up": {
          "uv": [0, 14, 2, 15],
          "texture": "#teapot"
        },
        "down": {
          "uv": [0, 15, 2, 16],
          "texture": "#teapot"
        }
      }
    },
    {
      "from": [17, 15, 7],
      "to": [21, 17, 9],
      "rotation": {
        "angle": 0,
        "axis": "y",
        "origin": [9, 18, 9]
      },
      "faces": {
        "north": {
          "uv": [4, 15, 6, 16],
          "texture": "#teapot"
        },
        "east": {
          "uv": [6, 15, 6.999, 16],
          "texture": "#teapot"
        },
        "south": {
          "uv": [3, 15, 5, 16],
          "texture": "#teapot"
        },
        "west": {
          "uv": [3, 15, 4, 16],
          "texture": "#teapot"
        },
        "up": {
          "uv": [3, 15, 5, 16],
          "texture": "#teapot"
        },
        "down": {
          "uv": [3, 15, 5, 16],
          "texture": "#teapot"
        }
      }
    },
    {
      "from": [3, 22, 7],
      "to": [3, 30.01, 9],
      "rotation": {
        "angle": 0,
        "axis": "y",
        "origin": [9, 16, 3]
      },
      "faces": {
        "north": {
          "uv": [7, 11, 12, 15.009],
          "texture": "#teapot"
        },
        "east": {
          "uv": [7, 7, 8, 11.009],
          "texture": "#teapot"
        },
        "south": {
          "uv": [7, 11, 12, 15],
          "texture": "#teapot"
        },
        "west": {
          "uv": [7, 7, 7.999, 11.009],
          "texture": "#teapot"
        },
        "up": {
          "uv": [7, 7, 12, 8],
          "texture": "#teapot"
        },
        "down": {
          "uv": [7, 14, 12, 15],
          "texture": "#teapot"
        }
      }
    },
    {
      "from": [3, 30.01, 7],
      "to": [13, 30.01, 9],
      "rotation": {
        "angle": 0,
        "axis": "y",
        "origin": [9, 16, 3]
      },
      "faces": {
        "north": {
          "uv": [7, 11, 12, 15.009],
          "texture": "#teapot"
        },
        "east": {
          "uv": [11, 7, 12, 11.009],
          "texture": "#teapot"
        },
        "south": {
          "uv": [7, 11, 12, 15],
          "texture": "#teapot"
        },
        "west": {
          "uv": [7, 7, 7.999, 11.009],
          "texture": "#teapot"
        },
        "up": {
          "uv": [7, 7, 12, 8],
          "texture": "#teapot"
        },
        "down": {
          "uv": [7, 7, 12, 8],
          "texture": "#teapot"
        }
      }
    },
    {
      "from": [13, 22, 7],
      "to": [13, 30.01, 9],
      "rotation": {
        "angle": 0,
        "axis": "y",
        "origin": [9, 16, 3]
      },
      "faces": {
        "north": {
          "uv": [7, 11, 12, 15.009],
          "texture": "#teapot"
        },
        "east": {
          "uv": [11, 7, 12, 11.009],
          "texture": "#teapot"
        },
        "south": {
          "uv": [7, 11, 12, 15],
          "texture": "#teapot"
        },
        "west": {
          "uv": [11, 7, 11.999, 11.009],
          "texture": "#teapot"
        },
        "up": {
          "uv": [7, 7, 12, 8],
          "texture": "#teapot"
        },
        "down": {
          "uv": [7, 14, 12, 15],
          "texture": "#teapot"
        }
      }
    }
  ],
  "display": {
    "ground": {
      "rotation": [0, 90, 0],
      "translation": [0, -7, -6.4],
      "scale": [1.066, 1.066, 1.066]
    }
  }
}