{
  "textures": {
    "0": "tcc:block/geomancer_pillar/explosive",
    "particle": "tcc:block/geomancer_pillar/explosive"
  },
  "elements": [{
    "from": [0, -16, 0],
    "to": [16, 8, 16],
    "faces": {
      "north": {
        "uv": [0, 10, 4, 16],
        "texture": "#0"
      },
      "east": {
        "uv": [12, 10, 16, 16],
        "texture": "#0"
      },
      "south": {
        "uv": [8, 10, 12, 16],
        "texture": "#0"
      },
      "west": {
        "uv": [4, 10, 8, 16],
        "texture": "#0"
      },
      "up": {
        "uv": [4, 0, 8, 4],
        "texture": "#0"
      },
      "down": {
        "uv": [8, 0, 12, 4],
        "texture": "#0"
      }
    }
  }],
  "display": {
    "head": {
      "translation": [0, -30.43, 0],
      "scale": [1.601, 1.601, 1.601]
    },
    "fixed": {
      "rotation": [-90, 0, 0],
      "translation": [0, 0, -48],
      "scale": [2.01, 2.01, 2.01]
    }
  }
}