{
    "parent": "item/generated",
    "textures": {
        "layer0": "tcc:item/obsidian_mirror"
    },
    "display": {
        "thirdperson_lefthand": {
            "rotation": [ 0, 180, 0 ],
            "translation": [ 0, 5.5, 1.3],
            "scale": [ 0.8, 0.8, 0.8 ]
        },
        "thirdperson_righthand": {
            "rotation": [ 0, 180, 0 ],
            "translation": [ 0, 5.5, 1.3],
            "scale": [ 0.8, 0.8, 0.8 ]
        },
        "firstperson_righthand": {
            "rotation": [ 0, 125, 0 ],
            "translation": [ 0, 4, 0 ],
            "scale": [ 0.80, 0.80, 0.80 ]
        },
        "firstperson_lefthand": {
            "rotation": [ 0, 125, 0 ],
            "translation": [ 0, 4, 0 ],
            "scale": [ 0.80, 0.80, 0.80 ]
        }
    }
}
