{
  "parent": "item/handheld",
  "textures": {
    "layer0": "tcc:item/spectral_boomerang"
  },
  "display": {
    "head": {
      "rotation": [90, 0, 0],
      "translation": [0, -42.29, 0],
      "scale": [1.8, 1.8, 1.8]
    },
    "thirdperson_lefthand": {
      "rotation": [0, 90, 0],
      "translation": [0, 3, -3],
      "scale": [0.8, 0.8, 0.8]
    },
    "thirdperson_righthand": {
      "rotation": [90, 90, 0],
      "translation": [0, 3, -3],
      "scale": [0.8, 0.8, 0.8]
    },
    "firstperson_righthand": {
      "rotation": [0, -100, 0],
      "translation": [0, 4, 0],
      "scale": [0.80, 0.80, 0.80]
    },
    "firstperson_lefthand": {
      "rotation": [90.13, -91, 0],
      "translation": [-1, 4, 0],
      "scale": [0.80, 0.80, 0.80]
    }
  }
}
