{
	"textures": {
		"0": "item/spawn_egg",
		"particle": "item/spawn_egg"
	},
  "gui_light": "front",
	"elements": [
		{
			"from": [7, 1, 7.5],
			"to": [9, 14, 8.5],
			"rotation": {"angle": 0, "axis": "x", "origin": [8, 8, 8.5]},
			"faces": {
				"north": {"uv": [7, 15, 9, 2], "rotation": 180, "texture": "#0"},
				"east": {"uv": [8, 2, 9, 15], "texture": "#0"},
				"south": {"uv": [7, 2, 9, 15], "texture": "#0"},
				"west": {"uv": [7, 2, 8, 15], "texture": "#0"},
				"up": {"uv": [9, 2, 7, 3], "rotation": 180, "texture": "#0"},
				"down": {"uv": [7, 14, 9, 15], "texture": "#0"}
			}
		},
		{
			"from": [5, 2, 7.5],
			"to": [7, 13, 8.5],
			"rotation": {"angle": 0, "axis": "x", "origin": [8, 8, 8.5]},
			"faces": {
				"north": {"uv": [5, 14, 7, 3], "rotation": 180, "texture": "#0"},
				"east": {"uv": [6, 3, 7, 14], "texture": "#0"},
				"south": {"uv": [5, 3, 7, 14], "texture": "#0"},
				"west": {"uv": [5, 3, 6, 14], "texture": "#0"},
				"up": {"uv": [7, 3, 5, 4], "rotation": 180, "texture": "#0"},
				"down": {"uv": [5, 13, 7, 14], "texture": "#0"}
			}
		},
		{
			"from": [9, 2, 7.5],
			"to": [11, 13, 8.5],
			"rotation": {"angle": 0, "axis": "x", "origin": [8, 8, 8.5]},
			"faces": {
				"north": {"uv": [9, 14, 11, 3], "rotation": 180, "texture": "#0"},
				"east": {"uv": [10, 3, 11, 14], "texture": "#0"},
				"south": {"uv": [9, 3, 11, 14], "texture": "#0"},
				"west": {"uv": [9, 3, 10, 14], "texture": "#0"},
				"up": {"uv": [11, 3, 9, 4], "rotation": 180, "texture": "#0"},
				"down": {"uv": [9, 13, 11, 14], "texture": "#0"}
			}
		},
		{
			"from": [4, 2, 7.5],
			"to": [5, 12, 8.5],
			"rotation": {"angle": 0, "axis": "x", "origin": [8, 8, 8.5]},
			"faces": {
				"north": {"uv": [4, 14, 5, 4], "rotation": 180, "texture": "#0"},
				"east": {"uv": [4, 4, 5, 14], "texture": "#0"},
				"south": {"uv": [4, 4, 5, 14], "texture": "#0"},
				"west": {"uv": [4, 4, 5, 14], "texture": "#0"},
				"up": {"uv": [5, 4, 4, 5], "rotation": 180, "texture": "#0"},
				"down": {"uv": [4, 13, 5, 14], "texture": "#0"}
			}
		},
		{
			"from": [11, 2, 7.5],
			"to": [12, 12, 8.5],
			"rotation": {"angle": 0, "axis": "x", "origin": [8, 8, 8.5]},
			"faces": {
				"north": {"uv": [11, 14, 12, 4], "rotation": 180, "texture": "#0"},
				"east": {"uv": [11, 4, 12, 14], "texture": "#0"},
				"south": {"uv": [11, 4, 12, 14], "texture": "#0"},
				"west": {"uv": [11, 4, 12, 14], "texture": "#0"},
				"up": {"uv": [12, 4, 11, 5], "rotation": 180, "texture": "#0"},
				"down": {"uv": [11, 13, 12, 14], "texture": "#0"}
			}
		},
		{
			"from": [3, 3, 7.5],
			"to": [4, 10, 8.5],
			"rotation": {"angle": 0, "axis": "x", "origin": [8, 8, 8.5]},
			"faces": {
				"north": {"uv": [3, 13, 4, 6], "rotation": 180, "texture": "#0"},
				"east": {"uv": [3, 6, 4, 13], "texture": "#0"},
				"south": {"uv": [3, 6, 4, 13], "texture": "#0"},
				"west": {"uv": [3, 6, 4, 13], "texture": "#0"},
				"up": {"uv": [4, 6, 3, 7], "rotation": 180, "texture": "#0"},
				"down": {"uv": [3, 12, 4, 13], "texture": "#0"}
			}
		},
		{
			"from": [12, 3, 7.5],
			"to": [13, 10, 8.5],
			"rotation": {"angle": 0, "axis": "x", "origin": [8, 8, 8.5]},
			"faces": {
				"north": {"uv": [12, 13, 13, 6], "rotation": 180, "texture": "#0"},
				"east": {"uv": [12, 6, 13, 13], "texture": "#0"},
				"south": {"uv": [12, 6, 13, 13], "texture": "#0"},
				"west": {"uv": [12, 6, 13, 13], "texture": "#0"},
				"up": {"uv": [13, 6, 12, 7], "rotation": 180, "texture": "#0"},
				"down": {"uv": [12, 12, 13, 13], "texture": "#0"}
			}
		},
		{
			"from": [2, 5, 7.5],
			"to": [3, 8, 8.5],
			"rotation": {"angle": 0, "axis": "x", "origin": [8, 8, 8.5]},
			"faces": {
				"north": {"uv": [2, 11, 3, 8], "rotation": 180, "texture": "#0"},
				"east": {"uv": [2, 8, 3, 11], "texture": "#0"},
				"south": {"uv": [2, 8, 3, 11], "texture": "#0"},
				"west": {"uv": [2, 8, 3, 11], "texture": "#0"},
				"up": {"uv": [3, 8, 2, 9], "rotation": 180, "texture": "#0"},
				"down": {"uv": [2, 10, 3, 11], "texture": "#0"}
			}
		},
		{
			"from": [13, 5, 7.5],
			"to": [14, 8, 8.5],
			"rotation": {"angle": 0, "axis": "x", "origin": [8, 8, 8.5]},
			"faces": {
				"north": {"uv": [13, 11, 14, 8], "rotation": 180, "texture": "#0"},
				"east": {"uv": [13, 8, 14, 11], "texture": "#0"},
				"south": {"uv": [13, 8, 14, 11], "texture": "#0"},
				"west": {"uv": [13, 8, 14, 11], "texture": "#0"},
				"up": {"uv": [14, 8, 13, 9], "rotation": 180, "texture": "#0"},
				"down": {"uv": [13, 10, 14, 11], "texture": "#0"}
			}
		},
		{
			"from": [6, 1, 7.5],
			"to": [7, 2, 8.5],
			"rotation": {"angle": 0, "axis": "x", "origin": [8, 8, 8.5]},
			"faces": {
				"north": {"uv": [6, 15, 7, 14], "rotation": 180, "texture": "#0"},
				"east": {"uv": [6, 14, 7, 15], "texture": "#0"},
				"south": {"uv": [6, 14, 7, 15], "texture": "#0"},
				"west": {"uv": [6, 14, 7, 15], "texture": "#0"},
				"up": {"uv": [7, 14, 6, 15], "rotation": 180, "texture": "#0"},
				"down": {"uv": [6, 14, 7, 15], "texture": "#0"}
			}
		},
		{
			"from": [9, 1, 7.5],
			"to": [10, 2, 8.5],
			"rotation": {"angle": 0, "axis": "x", "origin": [8, 8, 8.5]},
			"faces": {
				"north": {"uv": [9, 15, 10, 14], "rotation": 180, "texture": "#0"},
				"east": {"uv": [9, 14, 10, 15], "texture": "#0"},
				"south": {"uv": [9, 14, 10, 15], "texture": "#0"},
				"west": {"uv": [9, 14, 10, 15], "texture": "#0"},
				"up": {"uv": [10, 14, 9, 15], "rotation": 180, "texture": "#0"},
				"down": {"uv": [9, 14, 10, 15], "texture": "#0"}
			}
		}
	],
	"display": {
		"thirdperson_righthand": {
			"translation": [0, 3, 1],
			"scale": [0.55, 0.55, 0.55]
		},
		"thirdperson_lefthand": {
			"translation": [0, 3, 1],
			"scale": [0.55, 0.55, 0.55]
		},
		"firstperson_righthand": {
			"rotation": [0, -90, 25],
			"translation": [1.13, 3.2, 1.13],
			"scale": [0.68, 0.68, 0.68]
		},
		"firstperson_lefthand": {
			"rotation": [0, -90, 25],
			"translation": [1.13, 3.2, 1.13],
			"scale": [0.68, 0.68, 0.68]
		},
		"ground": {
			"translation": [0, 2, 0],
			"scale": [0.5, 0.5, 0.5]
		},
		"head": {
			"rotation": [0, 180, 0],
			"translation": [0, 13, 7]
		},
		"fixed": {
			"rotation": [0, 180, 0]
		}
	}
}