{
  "parent": "item/handheld",
  "textures": {
    "layer0": "tcc:item/wrench"
  },
  "display": {
    "thirdperson_righthand": {
      "rotation": [-86, 260, -40],
      "translation": [0, 1.5, 2],
      "scale": [0.9, 0.9, 0.9]
    },
    "thirdperson_lefthand": {
      "rotation": [-80, -280, 40],
      "translation": [0, 1.5, 2],
      "scale": [0.9, 0.9, 0.9]
    },
    "firstperson_righthand": {
      "rotation": [0, 90, -25],
      "translation": [1.13, 3.2, 1.13],
      "scale": [0.68, 0.68, 0.68]
    },
    "firstperson_lefthand": {
      "rotation": [-45, -90, -25],
      "translation": [1.13, 3.2, 1.13],
      "scale": [0.68, 0.68, 0.68]
    }
  }
}