{
  "textures": {
    "1": "tcc:entity/iceologer",
    "particle": "tcc:entity/iceologer"
  },
  "elements": [{
      "name": "face",
      "from": [4, 18, 4],
      "to": [12, 28, 12],
      "rotation": {
        "angle": 0,
        "axis": "y",
        "origin": [12, 26, 12]
      },
      "faces": {
        "north": {
          "uv": [2, 2, 4, 4.5],
          "texture": "#1",
          "tintindex": 0
        },
        "east": {
          "uv": [0, 2, 2, 4.5],
          "texture": "#1",
          "tintindex": 0
        },
        "south": {
          "uv": [6, 2, 8, 4.5],
          "texture": "#1",
          "tintindex": 0
        },
        "west": {
          "uv": [4, 2, 6, 4.5],
          "texture": "#1",
          "tintindex": 0
        },
        "up": {
          "uv": [2, 0, 4, 2],
          "texture": "#1",
          "tintindex": 0
        },
        "down": {
          "uv": [4, 0, 6, 2],
          "texture": "#1",
          "tintindex": 0
        }
      }
    },
    {
      "name": "hood",
      "from": [3.5, 17.5, 3.5],
      "to": [12.5, 28.5, 12.5],
      "rotation": {
        "angle": 0,
        "axis": "y",
        "origin": [12, 26, 12]
      },
      "faces": {
        "north": {
          "uv": [10.25, 2.25, 12.5, 5],
          "texture": "#1",
          "tintindex": 0
        },
        "east": {
          "uv": [8, 2.25, 10.25, 5],
          "texture": "#1",
          "tintindex": 0
        },
        "south": {
          "uv": [12.5, 2.25, 14.75, 5],
          "texture": "#1",
          "tintindex": 0
        },
        "west": {
          "uv": [10.25, 2.25, 8, 5],
          "texture": "#1",
          "tintindex": 0
        },
        "up": {
          "uv": [10.25, 0, 12.5, 2.25],
          "texture": "#1",
          "tintindex": 0
        },
        "down": {
          "uv": [12.5, 0, 14.75, 2.25],
          "texture": "#1",
          "tintindex": 0
        }
      }
    },
    {
      "name": "nose",
      "from": [7, 17, 2],
      "to": [9, 21, 4],
      "rotation": {
        "angle": 0,
        "axis": "y",
        "origin": [15, 25, 11]
      },
      "faces": {
        "north": {
          "uv": [6.5, 0.5, 7, 1.5],
          "texture": "#1",
          "tintindex": 0
        },
        "east": {
          "uv": [6, 0.5, 6.5, 1.5],
          "texture": "#1",
          "tintindex": 0
        },
        "south": {
          "uv": [7.5, 0.5, 8, 1.5],
          "texture": "#1",
          "tintindex": 0
        },
        "west": {
          "uv": [7, 0.5, 7.5, 1.5],
          "texture": "#1",
          "tintindex": 0
        },
        "up": {
          "uv": [7, 0, 7.5, 0.5],
          "texture": "#1",
          "tintindex": 0
        },
        "down": {
          "uv": [6.5, 0, 7, 0.5],
          "texture": "#1",
          "tintindex": 0
        }
      }
    }
  ],
  "display": {
    "firstperson_righthand": {
      "rotation": [-16, -180, 0],
      "translation": [-0.5, 2.75, 1],
      "scale": [0.3, 0.3, 0.3]
    },
    "firstperson_lefthand": {
      "rotation": [-16, -180, 0],
      "translation": [-0.5, 2.75, 1],
      "scale": [0.3, 0.3, 0.3]
    },
    "ground": {
      "translation": [0, 11.25, 0]
    },
    "gui": {
      "rotation": [-30, -180, 21],
      "translation": [-1.25, -1.75, 0],
      "scale": [0.4, 0.4, 0.4]
    },
    "head": {
      "translation": [0, -22.4, 0],
      "scale": [1.601, 1.601, 1.601]
    },
    "fixed": {
      "translation": [4, 0, 17.25],
      "scale": [4, 4, 4]
    }
  }
}