{
  "parent": "item/generated",
  "textures": {
    "layer0": "tcc:item/teacup/empty",
    "particle": "tcc:item/teacup/empty"
  },
  "display": {
    "thirdperson_righthand": {
      "rotation": [0, -90, 0],
      "translation": [0, -1.25, -3],
      "scale": [0.7, 0.7, 0.7]
    },
    "thirdperson_lefthand": {
      "rotation": [0, 90, 0],
      "translation": [0, -1.25, -3],
      "scale": [0.7, 0.7, 0.7]
    },
    "firstperson_righthand": {
      "rotation": [0, -90, 25],
      "translation": [1.13, 3.2, 1.13],
      "scale": [0.68, 0.68, 0.68]
    },
    "firstperson_lefthand": {
      "rotation": [0, 90, -25],
      "translation": [1.13, 3.2, 1.13],
      "scale": [0.68, 0.68, 0.68]
    }
  }
}